{
    "adb": {
        "adb_path": "D:/leidian/LDPlayer9/adb.exe",
        "address": "emulator-5554",
        "config": {
            "extras": {
                "ld": {
                    "enable": false,
                    "index": 0,
                    "path": "D:/leidian/LDPlayer9",
                    "pid": 8696
                }
            }
        }
    },
    "controller": {
        "name": "安卓端"
    },
    "gpu": -2,
    "resource": "B 服",
    "task": [
        {
            "name": "启动",
            "option": [
            ]
        },
        {
            "name": "器者征集",
            "option": [
                {
                    "name": "征集几个",
                    "value": "征集4个"
                }
            ]
        },
        {
            "name": "派遣公司",
            "option": [
                {
                    "name": "领取资源、好感、售卖机",
                    "value": "领取奖励"
                },
                {
                    "name": "社教模拟仪",
                    "value": "进阶社会指南"
                },
                {
                    "name": "制造物品",
                    "value": "银石墨条（黄装升级）"
                },
                {
                    "name": "是否喝茶",
                    "value": "喝茶"
                },
                {
                    "name": "是否领取活力值",
                    "value": "领取"
                }
            ]
        },
        {
            "name": "武器制造",
            "option": [
            ]
        },
        {
            "name": "和合",
            "option": [
                {
                    "name": "和合版本",
                    "value": "和合·椅"
                }
            ]
        },
        {
            "name": "领取家具蓝图",
            "option": [
            ]
        },
        {
            "name": "每日免费礼包",
            "option": [
            ]
        },
        {
            "name": "易物所",
            "option": [
            ]
        },
        {
            "name": "在主界面喝完（/上限）支持剩余1天，一天以内的水一并喝了）",
            "option": [
            ]
        },
        {
            "name": "资源",
            "option": [
                {
                    "name": "选择关卡-资源",
                    "value": "第四章"
                },
                {
                    "name": "打哪个-资源",
                    "value": "第二关（贰）（资源用）"
                },
                {
                    "name": "打几次",
                    "value": "全部体力（速通解锁专用）"
                }
            ]
        },
        {
            "name": "领取日常(包括游历)",
            "option": [
            ]
        },
        {
            "name": "邮箱",
            "option": [
            ]
        },
        {
            "name": "博物研学",
            "option": [
                {
                    "name": "选择研学主题",
                    "value": "山水纪行"
                },
                {
                    "name": "选择地图(仅老研学)",
                    "value": "雪景寒林图"
                },
                {
                    "name": "是否手动选择角色和buff",
                    "value": "不手动选择，由MWA选择"
                }
            ]
        },
        {
            "name": "活动签到",
            "option": [
            ]
        }
    ],
    "win32": {
        "_placeholder": 0
    }
}