{
    "repeat Bonecarve gold and silver first Level": {
        "recognition": "OCR",
        "expected": [
            "骨刻"
        ],
        "action": "Click",
        "post_delay": 2000,
        "next": "choose-difficulty"
    },
    "choose-difficulty": {
        "action": "Click",
        "target": [
            357,
            376,
            0,
            0
        ],
        "next": [
            "rlgr-choose-role"
        ]
    },
    "rlgr-choose-role": {
        "pre_wait_freezes": 500,
        "recognition": "TemplateMatch",
        "template": "Research2/choose_role.png",
        "action": "Click",
        "post_delay": 2000,
        "next": [
            "rlgr-choose-role-1"
        ]
    },
    "rlgr-choose-role-1": {
        "action": "Click",
        "target": [
            554,
            191,
            1,
            1
        ],
        "post_delay": 1000,
        "next": "rlgr-choose-role-2"
    },
    "rlgr-choose-role-2": {
        "action": "Click",
        "target": [
            554,
            511,
            1,
            1
        ],
        "post_delay": 1000,
        "next": "rlgr-choose-role-3"
    },
    "rlgr-choose-role-3": {
        "action": "Click",
        "target": [
            693,
            191,
            1,
            1
        ],
        "post_delay": 1000,
        "next": "rlgr-choose-role-4"
    },
    "rlgr-choose-role-4": {
        "action": "Click",
        "target": [
            699,
            516,
            1,
            1
        ],
        "post_delay": 1000,
        "next": [
            "rlgr-checkmark-1"
        ]
    },
    "rlgr-checkmark-1": {
        "recognition": "TemplateMatch",
        "template": "Research2/ensure_1.png",
        "roi": [
            1167,
            672,
            54,
            36
        ],
        "post_delay": 1000,
        "action": "Click",
        "next": [
            "rlgr-choose-strategy"
        ]
    },
    "rlgr-choose-strategy": {
        "recognition": "OCR",
        "expected": "辅助效果",
        "action": "Click",
        "post_delay": 1000,
        "next": [
            "rlgr-start-research"
        ]
    },
    "rlgr-start-research": {
        "recognition": "OCR",
        "expected": "进入研学",
        "action": "Click",
        "post_delay": 10000,
        "next": [
            "rlgr-recognition"
        ]
    },
    "rlgr-recognition": {
        "recognition": "TemplateMatch",
        "template": [
            "research and lenrning gold and silver/rest-2.png"
        ],
        "green_mask": true,
        "post_wait_freezes": 500,
        "index": -1,
        "action": "Click",
        "next": [
            "rlgr-action",
            "rlgr-recognition"
        ]
    },
    "rlgr-action": {
        "next": [
            "rlgr-action-rest",
            "rlgr-action-fight",
            "rlgr-recognition"
        ]
    },
    "rlgr-action-rest": {
        "recognition": "OCR",
        "expected": "休息",
        "roi": [
            872,
            490,
            351,
            55
        ],
        "post_wait_freezes": 1000,
        "action": "Click",
        "next": [
            "rlgr-rest-sure"
        ]
    },
    "rlgr-rest-sure": {
        "recognition": "OCR",
        "expected": "确认",
        "post_wait_freezes": 1000,
        "action": "Click",
        "next": [
            "rlgr-recognition"
        ]
    },
    "rlgr-action-fight": {
        "recognition": "OCR",
        "expected": "战斗",
        "roi": [
            858,
            474,
            389,
            80
        ],
        "action": "Click",
        "post_wait_freezes": 1000,
        "next": [
            "rlgr-fight-begin",
            "rlgr-recognition"
        ]
    },
    "rlgr-fight-begin": {
        "recognition": "OCR",
        "expected": "开始",
        "roi": [
            1030,
            617,
            200,
            74
        ],
        "action": "Click",
        "next": [
            "rlgr-not-full",
            "rlgr-auto",
            "rlgr-fight-begin-2",
            "rlgr-fight-begin"
        ]
    },
    "rlgr-not-full": {
        "pre_delay": 500,
        "recognition": "TemplateMatch",
        "template": "Research2\\ensure_2.png",
        "roi": [
            686,
            396,
            169,
            62
        ],
        "action": "Click",
        "next": [
            "rlgr-auto",
            "rlgr-fight-begin-2",
            "rlgr-fight-begin"
        ]
    },
    "rlgr-auto": {
        "recognition": "TemplateMatch",
        "template": "Research2\\auto.png",
        "roi": [
            1196,
            123,
            78,
            67
        ],
        "action": "Click",
        "post_wait_freezes": 500,
        "next": [
            "rlgr-fight-begin-2",
            "rlgr-fight-begin"
        ]
    },
    "rlgr-fight-begin-2": {
        "recognition": "TemplateMatch",
        "template": "Research2//begin_fight.png",
        "action": "Click",
        "next": [
            "rlgr-sure-fightwait",
            "rlgr-fight-begin-2"
        ]
    },
    "rlgr-sure-fightwait": {
        "next": [
            "rlgr-sure-fightwait-1"
        ],
        "interrupt": [
            "rlgr-auto-fightwait"
        ]
    },
    "rlgr-auto-fightwait": {
        "pre_delay": 10000,
        "recognition": "TemplateMatch",
        "template": "research and lenrning gold and silver\\stop.png",
        "action": "DoNothing"
    },
    "rlgr-sure-fightwait-1": {
        "pre_delay": 10000,
        "recognition": "OCR",
        "expected": "确定",
        "roi": [
            913,
            626,
            125,
            53
        ],
        "action": "Click",
        "post_wait_freezes": 5000,
        "next": [
            "rlgr-buff-recognition-afterfight",
            "rlgr-sure-fightwait-1"
        ]
    },
    "rlgr-buff-recognition-afterfight": {
        "recognition": "TemplateMatch",
        "template": "research and lenrning gold and silver\\new-buff.png",
        "pre_wait_freezes": 300,
        "next": [
            "rlgr-buff-afterfight-click-mid"
        ]
    },
    "rlgr-buff-sure-afterfight": {
        "recognition": "OCR",
        "expected": "确认",
        "roi": [
            782,
            619,
            233,
            53
        ],
        "action": "Click",
        "post_wait_freezes": 1000,
        "next": [
            "rlgr-buff-recognition-afterfight",
            "rlgr-quit"
        ]
    },
    "rlgr-buff-afterfight-click-mid": {
        "action": "Click",
        "target": [
            620,
            340,
            0,
            0
        ],
        "next": [
            "rlgr-buff-sure-afterfight"
        ]
    },
    "rlgr-quit": {
        "pre_wait_freezes": 500,
        "recognition": "TemplateMatch",
        "template": "Research2/quit.png",
        "action": "Click",
        "next": [
            "rlgr-sure-quit"
        ]
    },
    "rlgr-sure-quit": {
        "recognition": "TemplateMatch",
        "template": "research and lenrning gold and silver/08.png",
        "action": "Click",
        "next": [
            "rlgr-finish-research"
        ]
    },
    "rlgr-finish-research": {
        "pre_wait_freezes": 2000,
        "recognition": "OCR",
        "expected": "结束",
        "roi": [
            1021,
            565,
            246,
            88
        ],
        "action": "Click",
        "next": [
            "rlgr-returntodesktop-1"
        ]
    },
    "rlgr-returntodesktop-1": {
        "next": [
            "rlgr-returntodesktop"
        ]
    },
    "rlgr-returntodesktop": {
        "recognition": "TemplateMatch",
        "template": "Collect/06.png",
        "action": "Click",
        "post_delay": 2000,
        "next": [
            "rlgr-desktop",
            "rlgr-returntodesktop"
        ]
    },
    "rlgr-desktop": {
        "recognition": "OCR",
        "expected": "等级",
        "action": "DoNothing"
    }
}