{
    "landscape": {
        "recognition": "TemplateMatch",
        "template": "Research/r1.png",
        "roi": [
            494,
            386,
            90,
            84
        ],
        "action": "Click",
        "target_offset": [
            60,
            150,
            0,
            0
        ],
        "post_wait_freezes": 3000,
        "next": [
            "Marksmanship",
            "Blazing_Knife",
            "Spells",
            "landscape",
            "mountain_Research",
            "museum",
            "landscape-buff-one"
        ]
    },
    "landscape-buff-one": {
        "action": "Click",
        "target": [
            360,
            340,
            0,
            0
        ],
        "post_delay": 3000,
        "next": [
            "agree",
            "Marksmanship",
            "Blazing_Knife",
            "Spells",
            "landscape",
            "mountain_Research",
            "museum",
            "advance_four"
        ]
    }
}