{
    "museum_Research": {
        "next": [
            "museum",
            "Research"
        ]
    },
    "museum": {
        "recognition": "TemplateMatch",
        "template": "Research/01.png",
        "roi": [
            1087,
            283,
            173,
            167
        ],
        "action": "Click",
        "post_wait_freezes": 2000,
        "next": [
            "Research"
        ]
    },
    "Research": {
        "recognition": "TemplateMatch",
        "template": "Research/02.png",
        "roi": [
            600,
            350,
            675,
            370
        ],
        "action": "Click",
        "post_wait_freezes": 2000,
        "next": [
            "snowscape",
            "landscape",
            "journey"
        ]
    }
}