{
    "activity_attendance": {
        "next": [
            "activity",
            "attendance"
        ],
        "interrupt": [
            "Exception-handling-remind",
            "Exception-handling-nurturance-one"
        ]
    },
    "activity": {
        "recognition": "OCR",
        "expected": "动",
        "action": "Click",
        "post_delay": 2000,
        "roi": [
            0,
            311,
            130,
            190
        ],
        "next": [
            "attendance",
            "activity",
            "activity-swap"
        ]
    },
    "activity-swap": {
        "action": "Click",
        "begin": [
            130,
            315,
            0,
            0
        ],
        "end": [
            130,
            140,
            0,
            0
        ],
        "next": [
            "attendance"
        ]
    },
    "attendance": {
        "recognition": "OCR",
        "expected": "旅程将启",
        "action": "Click",
        "post_delay": 2000,
        "roi": [
            0,
            0,
            255,
            717
        ],
        "next": [
            "attendance_two",
            "attendance_three",
            "Quit"
        ]
    },
    "attendance_two": {
        "recognition": "TemplateMatch",
        "template": "activity/01.png",
        "green_mask": true,
        "index": -1,
        "action": "Click",
        "post_delay": 3000,
        "target_offset": [
            135,
            -145,
            0,
            0
        ],
        "roi": [
            265,
            520,
            1015,
            200
        ],
        "next": [
            "activity_get",
            "Quit"
        ]
    },
    "attendance_three": {
        "recognition": "OCR",
        "expected": "第1天",
        "action": "Click",
        "post_delay": 3000,
        "next": [
            "activity_get",
            "Quit"
        ]
    },
    "activity_get": {
        "recognition": "OCR",
        "expected": "获得物资",
        "action": "Click",
        "roi": [
            930,
            70,
            310,
            570
        ],
        "next": [
            "Quit"
        ]
    }
}