{
    "activity_attendance": {
        "next": [
            "activity",
            "attendance"
        ]
    },
    "activity": {
        "recognition": "OCR",
        "expected": "活动",
        "action": "Click",
        "post_delay": 2000,
        "roi": [
            0,
            300,
            90,
            90
        ],
        "next": [
            "attendance",
            "activity"
        ]
    },
    "attendance": {
        "recognition": "OCR",
        "expected": "月动霜华",
        "action": "Click",
        "post_delay": 2000,
        "roi": [
            0,
            0,
            255,
            717
        ],
        "next": [
            "attendance_two",
            "attendance_three",
            "Quit"
        ]
    },
    "attendance_two": {
        "recognition": "TemplateMatch",
        "template": "activity/01.png",
        "green_mask": true,
        "index": -1,
        "action": "Click",
        "post_delay": 3000,
        "target_offset": [
            135,
            -145,
            0,
            0
        ],
        "roi": [
            265,
            520,
            1015,
            200
        ],
        "next": [
            "activity_get",
            "Quit"
        ]
    },
    "attendance_three": {
        "recognition": "OCR",
        "expected": "第1天",
        "action": "Click",
        "post_delay": 3000,
        "next": [
            "activity_get",
            "Quit"
        ]
    },
    "activity_get": {
        "recognition": "OCR",
        "expected": "获得物资",
        "action": "Click",
        "roi": [
            930,
            70,
            310,
            570
        ],
        "next": [
            "Quit"
        ]
    }
}