{
    "StartUp": {
        "next": [
            "Sub_StartWuhua",
            "Sub_CloseAnnouncement",
            "Sub_StartGame",
            "Sub_AccumulatedSignIn",
            "Sub_AccumulatedSignInExit",
            "convened",
            "Sub_StartUp"
        ]
    },
    "Sub_StartUp": {
        "next": [
            "StartUp"
        ]
    },
    "Sub_StartWuhua": {
        "is_sub": true,
        "action": "StartApp",
        "package": "com.cipaishe.wuhua.bilibili/com.cipaishe.wuhua.bilibili.activity.ONESDKSplashActivity",
        "post_delay": 5000,
        "timeout": 20000,
        "timeout_next": [
            "advice",
            "misinterpretation",
            "examine",
            "update",
            "Sub_CloseAnnouncement",
            "convened"
        ],
        "next": [
            "advice",
            "misinterpretation",
            "examine",
            "update",
            "Sub_CloseAnnouncement",
            "convened"
        ]
    },
    "misinterpretation": {
        "recognition": "OCR",
        "expected": "曲解",
        "action": "DoNothing",
        "post_delay": 5000,
        "timeout": 20000,
        "timeout_next": [
            "update",
            "Sub_CloseAnnouncement"
        ],
        "next": [
            "examine",
            "update",
            "Sub_CloseAnnouncement"
        ]
    },
    "advice": {
        "recognition": "OCR",
        "expected": "健康游戏忠告",
        "action": "DoNothing",
        "post_delay": 5000,
        "timeout": 20000,
        "timeout_next": [
            "update",
            "Sub_CloseAnnouncement"
        ],
        "next": [
            "misinterpretation",
            "examine",
            "update",
            "Sub_CloseAnnouncement"
        ]
    },
    "examine": {
        "recognition": "OCR",
        "expected": "正在检查更新",
        "action": "DoNothing",
        "post_delay": 5000,
        "timeout": 20000,
        "timeout_next": [
            "update",
            "Sub_CloseAnnouncement"
        ],
        "next": [
            "update",
            "Sub_CloseAnnouncement"
        ]
    },
    "update": {
        "recognition": "OCR",
        "expected": "终端数据更新",
        "roi": [
            403,
            249,
            474,
            111
        ],
        "action": "Click",
        "post_delay": 10000,
        "timeout": 20000,
        "timeout_next": [
            "update",
            "Sub_CloseAnnouncement"
        ],
        "target": [
            765,
            430,
            0,
            0
        ],
        "next": [
            "Sub_CloseAnnouncement"
        ]
    },
    "Sub_CloseAnnouncement": {
        "recognition": "TemplateMatch",
        "template": "Startup/12.png",
        "roi": [
            1063,
            27,
            197,
            157
        ],
        "action": "Click",
        "timeout": 20000,
        "timeout_next": [
            "Sub_CloseAnnouncement",
            "Sub_StartGame"
        ],
        "next": [
            "Sub_StartGame"
        ]
    },
    "Sub_StartGame": {
        "recognition": "OCR",
        "expected": "抵制不良游戏",
        "action": "Click",
        "next": [
            "Sub_AccumulatedSignIn"
        ]
    },
    "Sub_AccumulatedSignIn": {
        "action": "Click",
        "post_delay": 10000,
        "timeout": 20000,
        "timeout_next": [
            "Sub_AccumulatedSignIn",
            "Sub_GetResource",
            "Sub_AccumulatedSignInExit",
            "convened"
        ],
        "next": [
            "Sub_GetResource",
            "Sub_AccumulatedSignInExit",
            "convened"
        ]
    },
    "convened": {
        "recognition": "TemplateMatch",
        "template": "Startup/11.png",
        "roi": [
            906,
            340,
            170,
            205
        ],
        "post_delay": 3000,
        "next": [
            "stop"
        ]
    },
    "Sub_AccumulatedSignInExit": {
        "recognition": "TemplateMatch",
        "template": "Startup/AccumulatedSignInExit.png",
        "action": "Click",
        "post_delay": 3000,
        "next": [
            "Sub_GetResource",
            "Sub_AccumulatedSignInExit",
            "stop"
        ]
    },
    "Sub_GetResource": {
        "recognition": "OCR",
        "expected": "获得物资",
        "action": "Click",
        "next": [
            "Sub_AccumulatedSignInExit"
        ]
    }
}