{
  "2048_hh_1": {
    "recognition": "TemplateMatch",
    "roi": [347, 100, 588, 579],
    "template": "2048_hh/2048_hh_1.png",
    "threshold": 0.95
  },
  "2048_hh_2": {
    "recognition": "TemplateMatch",
    "roi": [347, 100, 588, 579],
    "template": "2048_hh/2048_hh_2.png",
    "threshold": 0.95
  },
  "2048_hh_3": {
    "recognition": "TemplateMatch",
    "roi": [347, 100, 588, 579],
    "template": "2048_hh/2048_hh_3.png",
    "threshold": 0.95
  },
  "2048_hh_4": {
    "recognition": "TemplateMatch",
    "roi": [347, 100, 588, 579],
    "template": "2048_hh/2048_hh_4.png",
    "threshold": 0.95
  },
  "2048_hh_5": {
    "recognition": "TemplateMatch",
    "roi": [347, 100, 588, 579],
    "template": "2048_hh/2048_hh_5.png",
    "threshold": 0.95
  },
  "2048_hh_6": {
    "recognition": "TemplateMatch",
    "roi": [347, 100, 588, 579],
    "template": "2048_hh/2048_hh_6.png",
    "threshold": 0.95
  },
  "2048_hh_7": {
    "recognition": "TemplateMatch",
    "roi": [347, 100, 588, 579],
    "template": "2048_hh/2048_hh_7.png",
    "threshold": 0.95
  },
  "2048_hh_8": {
    "recognition": "TemplateMatch",
    "roi": [347, 100, 588, 579],
    "template": "2048_hh/2048_hh_8.png",
    "threshold": 0.60
  },
  "2048_hh_9": {
    "recognition": "TemplateMatch",
    "roi": [347, 100, 588, 579],
    "template": "2048_hh/2048_hh_9.png",
    "threshold": 0.60
  },
  "2048_hh_10": {
    "recognition": "TemplateMatch",
    "roi": [347, 100, 588, 579],
    "template": "2048_hh/2048_hh_10.png",
    "threshold": 0.60
  },
  "2048_hh_11": {
    "recognition": "TemplateMatch",
    "roi": [347, 100, 588, 579],
    "template": "2048_hh/2048_hh_11.png",
    "threshold": 0.60
  },
  "2048_hh_12": {
    "recognition": "TemplateMatch",
    "roi": [347, 100, 588, 579],
    "template": "2048_hh/2048_hh_12.png",
    "threshold": 0.60
  },
  "2048_hh_bs": {
    "recognition": "TemplateMatch",
    "roi": [347, 100, 588, 579],
    "template": "2048_hh/2048_hh_bs.png",
    "threshold": 0.60
  }
}
