{
    "dispath_company_collect": {
        "next": [
            "entry_dispath_three",
            "dispath_back",
            "dispath_convened"
        ],
        "interrupt": [
            "Exception-handling-remind",
            "Exception-handling-nurturance-one"
        ]
    },
    "entry_dispath_three": {
        "recognition": "TemplateMatch",
        "template": "Company/d_company.png",
        "action": "Click",
        "post_delay": 7000,
        "next": [
            "dispatch_social_one",
            "dispatch_social_two",
            "dispatch_social_three",
            "dispatch_social_four",
            "dispath_back"
        ],
        "interrupt": [
            "Exception-handling-remind",
            "Exception-handling-nurturance-one"
        ]
    },
    "dispatch_social_one": {
        "recognition": "TemplateMatch",
        "template": "Company/social_guidence.png",
        "post_delay": 2000,
        "action": "Click",
        "roi": [
            9,
            366,
            249,
            196
        ],
        "next": [
            "Beginner_Social_Guide",
            "dispatch_social_one"
        ]
    },
    "dispatch_social_two": {
        "recognition": "TemplateMatch",
        "template": "Company/social_guidence.png",
        "post_delay": 2000,
        "action": "Click",
        "roi": [
            9,
            366,
            249,
            196
        ],
        "next": [
            "Intermediate_Social_Guide",
            "dispatch_social_two"
        ]
    },
    "dispatch_social_three": {
        "recognition": "TemplateMatch",
        "template": "Company/social_guidence.png",
        "post_delay": 2000,
        "action": "Click",
        "roi": [
            9,
            366,
            249,
            196
        ],
        "next": [
            "Advanced_Social_Guide",
            "dispatch_social_three"
        ]
    },
    "dispatch_social_four": {
        "recognition": "TemplateMatch",
        "template": "Company/social_guidence.png",
        "post_delay": 2000,
        "action": "Click",
        "roi": [
            9,
            366,
            249,
            196
        ],
        "next": [
            "Advanced_Sociology",
            "dispatch_social_four"
        ]
    },
    "Beginner_Social_Guide": {
        "recognition": "TemplateMatch",
        "template": "Company/beginner_social_guide.png",
        "action": "Click",
        "post_delay": 2000,
        "roi": [
            7,
            146,
            420,
            134
        ],
        "next": [
            "fabricate_max",
            "Beginner_Social_Guide"
        ]
    },
    "Intermediate_Social_Guide": {
        "recognition": "TemplateMatch",
        "template": "Company/Intermediate_Social_Guide.png",
        "action": "Click",
        "post_delay": 2000,
        "roi": [
            6,
            277,
            419,
            124
        ],
        "next": [
            "fabricate_max",
            "Intermediate_Social_Guide"
        ]
    },
    "Advanced_Social_Guide": {
        "recognition": "TemplateMatch",
        "template": "Company/Advanced_Social_Guide.png",
        "action": "Click",
        "post_delay": 2000,
        "roi": [
            4,
            393,
            428,
            132
        ],
        "next": [
            "fabricate_max",
            "Advanced_Social_Guide"
        ]
    },
    "Advanced_Sociology": {
        "recognition": "TemplateMatch",
        "template": "Company/Advanced_Sociology.png",
        "action": "Click",
        "post_delay": 2000,
        "roi": [
            8,
            524,
            422,
            131
        ],
        "next": [
            "fabricate_max",
            "Advanced_Sociology"
        ]
    },
    "fabricate_max": {
        "recognition": "TemplateMatch",
        "template": "Company/fabricate_max.png",
        "action": "Click",
        "post_delay": 2000,
        "roi": [
            1040,
            512,
            80,
            71
        ],
        "next": [
            "fabricate_social_book",
            "fabricate_max"
        ]
    },
    "fabricate_social_book": {
        "recognition": "TemplateMatch",
        "template": "Company/fabricate_social_book.png",
        "action": "Click",
        "post_delay": 2000,
        "roi": [
            870,
            618,
            301,
            73
        ],
        "next": [
            "verify_fabricate",
            "fabricate_social_book"
        ]
    },
    "verify_fabricate": {
        "recognition": "TemplateMatch",
        "template": "Company/verify_fabricate.png",
        "action": "Click",
        "post_delay": 2000,
        "roi": [
            678,
            387,
            188,
            76
        ],
        "next": [
            "dispath_home",
            "verify_fabricate"
        ]
    },
    "dispath_home": {
        "recognition": "TemplateMatch",
        "template": "Startup\\10.png",
        "action": "Click",
        "post_delay": 5000,
        "next": [
            "entry_dispath_four"
        ]
    },
    "dispath_back": {
        "recognition": "TemplateMatch",
        "template": "Collect/06.png",
        "action": "Click",
        "post_delay": 7000,
        "next": [
            "entry_dispath_four"
        ]
    },
    "dispath_convened": {
        "recognition": "TemplateMatch",
        "template": "Startup/11.png",
        "roi": [
            906,
            340,
            170,
            205
        ],
        "post_delay": 3000,
        "next": [
            "entry_dispath_four"
        ]
    }
}