{
    "vitality": {
        "next": [
            "entry_dispath_six",
            "vitality_one",
            "vitality_back",
            "vitality-convened"
        ],
        "interrupt": [
            "Exception-handling-remind",
            "Exception-handling-nurturance-one"
        ]
    },
    "entry_dispath_six": {
        "recognition": "TemplateMatch",
        "template": "Company/d_company.png",
        "action": "Click",
        "post_delay": 7000,
        "next": [
            "vitality_one",
            "vitality_back"
        ],
        "interrupt": [
            "Exception-handling-remind",
            "Exception-handling-nurturance-one"
        ]
    },
    "vitality_one": {
        "recognition": "OCR",
        "expected": "舍",
        "action": "Click",
        "roi": [
            425,
            435,
            200,
            230
        ],
        "post_delay": 2000,
        "next": [
            "vitality_two"
        ]
    },
    "vitality_two": {
        "recognition": "TemplateMatch",
        "template": "Company/22.png",
        "action": "Click",
        "target": [
            255,
            665,
            0,
            0
        ],
        "post_delay": 5000,
        "next": [
            "vitality_three",
            "vitality-visitor",
            "vitality_home",
            "vitality_two"
        ]
    },
    "vitality-visitor": {
        "recognition": "OCR",
        "expected": "访客",
        "action": "Click",
        "post_delay": 5000,
        "next": [
            "vitality-get",
            "vitality-visitor-quit",
            "vitality-visitor"
        ]
    },
    "vitality-get": {
        "recognition": "OCR",
        "expected": "得",
        "action": "Click",
        "post_delay": 3000,
        "next": [
            "vitality-get",
            "vitality-visitor-quit"
        ]
    },
    "vitality-visitor-quit": {
        "recognition": "TemplateMatch",
        "template": "Company\\30.png",
        "action": "Click",
        "post_delay": 3000,
        "next": [
            "vitality-visitor-quit",
            "vitality_home",
            "vitality_back"
        ]
    },
    "vitality_three": {
        "recognition": "OCR",
        "expected": "只能",
        "action": "Click",
        "post_delay": 2000,
        "next": [
            "vitality_four"
        ]
    },
    "vitality_four": {
        "recognition": "TemplateMatch",
        "template": "Collect\\04.png",
        "action": "Click",
        "post_delay": 2000,
        "next": [
            "vitality-visitor",
            "vitality_home"
        ]
    },
    "vitality_home": {
        "recognition": "TemplateMatch",
        "template": "Startup\\10.png",
        "action": "Click"
    },
    "vitality_back": {
        "recognition": "TemplateMatch",
        "template": "Collect/06.png",
        "action": "Click"
    },
    "vitality-convened": {
        "recognition": "TemplateMatch",
        "template": "Startup/11.png",
        "roi": [
            906,
            340,
            170,
            205
        ],
        "post_delay": 1000
    }
}