{
    "combine-all": {
        "next": [
            "entry_dispath_seven",
            "tearoom-combine",
            "combine-one",
            "combine-choose",
            "combine-game"
        ]
    },
    "entry_dispath_seven": {
        "recognition": "TemplateMatch",
        "template": "Company/d_company.png",
        "action": "Click",
        "post_delay": 7000,
        "next": [
            "tearoom-combine",
            "combine-one",
            "combine-game"
        ]
    },
    "tearoom-combine": {
        "recognition": "OCR",
        "expected": "茶室",
        "action": "Click",
        "post_delay": 2000,
        "roi": [
            965,
            365,
            155,
            295
        ],
        "next": [
            "combine-one",
            "combine-game"
        ]
    },
    "combine-one": {
        "recognition": "TemplateMatch",
        "template": "Company\\28.png",
        "action": "Click",
        "post_delay": 2000,
        "roi": [
            210,
            110,
            180,
            200
        ],
        "next": [
            "combine-choose"
        ]
    },
    "combine-choose": {
        "next": [
            "combine-chair-entry",
            "combine-dynasty-entry",
            "combine-ship-entry",
            "combine-chair",
            "combine-dynasty",
            "combine-ship"
        ]
    },
    "combine-chair-entry": {
        "recognition": "TemplateMatch",
        "template": "Company/d_company.png",
        "action": "Click",
        "post_delay": 7000,
        "next": [
            "combine-chair-tearoom",
            "combine-chair-combine",
            "combine-chair",
            "combine-chair-entry"
        ]
    },
    "combine-chair-tearoom": {
        "recognition": "OCR",
        "expected": "茶室",
        "action": "Click",
        "post_delay": 2000,
        "roi": [
            965,
            365,
            155,
            295
        ],
        "next": [
            "combine-chair-combine",
            "combine-chair",
            "combine-chair-tearoom"
        ]
    },
    "combine-chair-combine": {
        "recognition": "TemplateMatch",
        "template": "Company\\28.png",
        "action": "Click",
        "post_delay": 2000,
        "roi": [
            210,
            110,
            180,
            200
        ],
        "next": [
            "combine-chair",
            "combine-chair-combine"
        ]
    },
    "combine-chair": {
        "recognition": "OCR",
        "expected": "椅",
        "action": "Click",
        "next": [
            "combine-game"
        ]
    },
    "combine-dynasty-entry": {
        "recognition": "TemplateMatch",
        "template": "Company/d_company.png",
        "action": "Click",
        "post_delay": 7000,
        "next": [
            "combine-dynasty-tearoom",
            "combine-dynasty-combine",
            "combine-dynasty",
            "combine-dynasty-entry"
        ]
    },
    "combine-dynasty-tearoom": {
        "recognition": "OCR",
        "expected": "茶室",
        "action": "Click",
        "post_delay": 2000,
        "roi": [
            965,
            365,
            155,
            295
        ],
        "next": [
            "combine-dynasty-combine",
            "combine-dynasty",
            "combine-dynasty-tearoom"
        ]
    },
    "combine-dynasty-combine": {
        "recognition": "TemplateMatch",
        "template": "Company\\28.png",
        "action": "Click",
        "post_delay": 2000,
        "roi": [
            210,
            110,
            180,
            200
        ],
        "next": [
            "combine-dynasty",
            "combine-dynasty-combine"
        ]
    },
    "combine-dynasty": {
        "recognition": "OCR",
        "expected": "朝代",
        "action": "Click",
        "next": [
            "combine-game"
        ]
    },
    "combine-ship-entry": {
        "recognition": "TemplateMatch",
        "template": "Company/d_company.png",
        "action": "Click",
        "post_delay": 7000,
        "next": [
            "combine-ship-tearoom",
            "combine-ship-combine",
            "combine-ship",
            "combine-ship-entry"
        ]
    },
    "combine-ship-tearoom": {
        "recognition": "OCR",
        "expected": "茶室",
        "action": "Click",
        "post_delay": 2000,
        "roi": [
            965,
            365,
            155,
            295
        ],
        "next": [
            "combine-ship-combine",
            "combine-ship",
            "combine-ship-tearoom"
        ]
    },
    "combine-ship-combine": {
        "recognition": "TemplateMatch",
        "template": "Company\\28.png",
        "action": "Click",
        "post_delay": 2000,
        "roi": [
            210,
            110,
            180,
            200
        ],
        "next": [
            "combine-ship",
            "combine-ship-combine"
        ]
    },
    "combine-ship": {
        "recognition": "OCR",
        "expected": "船",
        "action": "Click",
        "next": [
            "combine-game"
        ]
    },
    "combine-game": {
        "recognition": "OCR",
        "expected": "开始游戏",
        "action": "Click",
        "post_delay": 2000,
        "next": [
            "combine-challenge",
            "combine-swiping-one"
        ]
    },
    "combine-swiping-one": {
        "action": "Swipe",
        "begin": [
            850,
            180,
            0,
            0
        ],
        "end": [
            850,
            450,
            0,
            0
        ],
        "post_delay": 1000,
        "next": [
            "combine-challenge",
            "combine-swiping-two"
        ]
    },
    "combine-swiping-two": {
        "action": "Swipe",
        "begin": [
            850,
            450,
            0,
            0
        ],
        "end": [
            570,
            450,
            0,
            0
        ],
        "post_delay": 1000,
        "next": [
            "combine-challenge",
            "combine-swiping-three"
        ]
    },
    "combine-swiping-three": {
        "action": "Swipe",
        "begin": [
            570,
            450,
            0,
            0
        ],
        "end": [
            570,
            180,
            0,
            0
        ],
        "post_delay": 1000,
        "next": [
            "combine-challenge",
            "combine-swiping-four"
        ]
    },
    "combine-swiping-four": {
        "action": "Swipe",
        "begin": [
            570,
            180,
            0,
            0
        ],
        "end": [
            850,
            180,
            0,
            0
        ],
        "post_delay": 1000,
        "next": [
            "combine-challenge",
            "combine-swiping-one"
        ]
    },
    "combine-challenge": {
        "recognition": "OCR",
        "expected": "退出",
        "action": "Click",
        "post_delay": 1000,
        "next": [
            "combine-return",
            "combine-challenge"
        ]
    },
    "combine-return": {
        "recognition": "TemplateMatch",
        "template": "Company/return.png",
        "action": "Click",
        "next": [
            "combine-home"
        ]
    },
    "combine-home": {
        "recognition": "TemplateMatch",
        "template": "Startup\\10.png",
        "action": "Click"
    }
}