{
    "dispatch_company_all": {
        "next": [
            "entry_dispath_one",
            "dispath_company_collect"
        ]
    },
    "entry_dispath_one": {
        "recognition": "TemplateMatch",
        "template": "Company/d_company.png",
        "action": "Click",
        "post_wait_freezes": 1000,
        "next": [
            "dispath_resources",
            "click_space",
            "collect_induction",
            "donshe",
            "vending_machine"
        ]
    },
    "dispath_company_collect": {
        "next": [
            "dispatch_social_one",
            "dispatch_social_tow",
            "dispatch_social_three",
            "dispatch_social_four",
            "dc_back"
        ]
    },
    "dispath_resources": {
        "recognition": "TemplateMatch",
        "template": "Company/c_resources.png",
        "roi": [
            1009,
            533,
            271,
            187
        ],
        "action": "Click",
        "post_delay": 3000,
        "next": [
            "click_space",
            "collect_induction",
            "donshe",
            "vending_machine"
        ]
    },
    "click_space": {
        "recognition": "TemplateMatch",
        "template": "Company/click_space.png",
        "action": "Click",
        "roi": [
            988,
            107,
            240,
            480
        ],
        "next": [
            "collect_induction",
            "donshe",
            "vending_machine"
        ]
    },
    "collect_induction": {
        "recognition": "TemplateMatch",
        "template": "Company/c_induction.png",
        "roi": [
            913,
            548,
            184,
            172
        ],
        "action": "Click",
        "post_delay": 3000,
        "next": [
            "collect_induction_click",
            "donshe",
            "vending_machine"
        ]
    },
    "collect_induction_click": {
        "recognition": "TemplateMatch",
        "template": "Company/c_induction_click.png",
        "post_delay": 3000,
        "roi": [
            408,
            47,
            566,
            168
        ],
        "action": "Click",
        "next": [
            "donshe",
            "vending_machine"
        ]
    },
    "donshe": {
        "recognition": "TemplateMatch",
        "template": "Company/donshe.png",
        "action": "Click",
        "post_delay": 3000,
        "roi": [
            451,
            477,
            227,
            211
        ],
        "next": [
            "donshe_click_space"
        ]
    },
    "donshe_click_space": {
        "recognition": "TemplateMatch",
        "template": "Company/click_space.png",
        "action": "Click",
        "roi": [
            988,
            107,
            240,
            480
        ],
        "next": [
            "vitality_one",
            "vending_machine"
        ]
    },
    "vitality_one": {
        "recognition": "TemplateMatch",
        "template": "Company/21.png",
        "action": "Click",
        "post_delay": 2000,
        "next": [
            "vitality_tow"
        ]
    },
    "vitality_tow": {
        "recognition": "TemplateMatch",
        "template": "Company/22.png",
        "action": "Click",
        "target": [
            255,
            665,
            0,
            0
        ],
        "post_wait_freezes": 3000,
        "next": [
            "vitality_back"
        ]
    },
    "vitality_back": {
        "recognition": "TemplateMatch",
        "template": "Collect/06.png",
        "action": "Click",
        "next": [
            "vending_machine"
        ]
    },
    "vending_machine": {
        "recognition": "TemplateMatch",
        "template": "Company/office.png",
        "action": "Click",
        "roi": [
            345,
            51,
            345,
            266
        ],
        "next": [
            "vending_machine_reward",
            "vending_machine_back"
        ]
    },
    "vending_machine_reward": {
        "recognition": "TemplateMatch",
        "template": "Company/vending_machine_reward.png",
        "action": "Click",
        "post_delay": 3000,
        "roi": [
            123,
            11,
            231,
            201
        ],
        "target": [
            203,
            69,
            41,
            34
        ],
        "next": [
            "coin_flip"
        ]
    },
    "coin_flip": {
        "recognition": "TemplateMatch",
        "template": "Company/coin_flip.png",
        "action": "Click",
        "post_delay": 7000,
        "roi": [
            771,
            293,
            340,
            232
        ],
        "next": [
            "coin_flip_click_space"
        ]
    },
    "coin_flip_click_space": {
        "recognition": "OCR",
        "expected": "点击空白",
        "action": "Click",
        "post_delay": 3000,
        "roi": [
            988,
            107,
            240,
            480
        ],
        "next": [
            "vending_machine_back"
        ]
    },
    "vending_machine_back": {
        "recognition": "TemplateMatch",
        "template": "Collect/06.png",
        "action": "Click",
        "post_delay": 3000,
        "next": [
            "dispath_company_collect"
        ]
    },
    "dc_back": {
        "recognition": "TemplateMatch",
        "template": "Collect/06.png",
        "action": "Click"
    },
    "dc_back_2": {
        "recognition": "TemplateMatch",
        "template": "Collect/06.png",
        "action": "Click",
        "next": [
            "dc_back_3"
        ]
    },
    "dispatch_social_one": {
        "recognition": "TemplateMatch",
        "template": "Company/social_guidence.png",
        "post_delay": 2000,
        "action": "Click",
        "roi": [
            9,
            366,
            249,
            196
        ],
        "next": [
            "Beginner_Social_Guide"
        ]
    },
    "dispatch_social_tow": {
        "recognition": "TemplateMatch",
        "template": "Company/social_guidence.png",
        "post_delay": 2000,
        "action": "Click",
        "roi": [
            9,
            366,
            249,
            196
        ],
        "next": [
            "Intermediate_Social_Guide"
        ]
    },
    "dispatch_social_three": {
        "recognition": "TemplateMatch",
        "template": "Company/social_guidence.png",
        "post_delay": 2000,
        "action": "Click",
        "roi": [
            9,
            366,
            249,
            196
        ],
        "next": [
            "Advanced_Social_Guide"
        ]
    },
    "dispatch_social_four": {
        "recognition": "TemplateMatch",
        "template": "Company/social_guidence.png",
        "post_delay": 2000,
        "action": "Click",
        "roi": [
            9,
            366,
            249,
            196
        ],
        "next": [
            "Advanced_Sociology"
        ]
    },
    "Beginner_Social_Guide": {
        "recognition": "TemplateMatch",
        "template": "Company/beginner_social_guide.png",
        "action": "Click",
        "roi": [
            7,
            146,
            420,
            134
        ],
        "next": [
            "fabricate_max"
        ]
    },
    "Intermediate_Social_Guide": {
        "recognition": "TemplateMatch",
        "template": "Company/Intermediate_Social_Guide.png",
        "action": "Click",
        "roi": [
            6,
            277,
            419,
            124
        ],
        "next": [
            "fabricate_max"
        ]
    },
    "Advanced_Social_Guide": {
        "recognition": "TemplateMatch",
        "template": "Company/Advanced_Social_Guide.png",
        "action": "Click",
        "roi": [
            4,
            393,
            428,
            132
        ],
        "next": [
            "fabricate_max"
        ]
    },
    "Advanced_Sociology": {
        "recognition": "TemplateMatch",
        "template": "Company/Advanced_Sociology.png",
        "action": "Click",
        "roi": [
            8,
            524,
            422,
            131
        ],
        "next": [
            "fabricate_max"
        ]
    },
    "fabricate_max": {
        "recognition": "TemplateMatch",
        "template": "Company/fabricate_max.png",
        "action": "Click",
        "roi": [
            1040,
            512,
            80,
            71
        ],
        "next": [
            "fabricate_social_book"
        ]
    },
    "fabricate_social_book": {
        "recognition": "TemplateMatch",
        "template": "Company/fabricate_social_book.png",
        "action": "Click",
        "roi": [
            870,
            618,
            301,
            73
        ],
        "next": [
            "verify_fabricate"
        ]
    },
    "verify_fabricate": {
        "recognition": "TemplateMatch",
        "template": "Company/verify_fabricate.png",
        "action": "Click",
        "roi": [
            678,
            387,
            188,
            76
        ],
        "next": [
            "dc_back_2"
        ]
    },
    "dc_back_3": {
        "recognition": "TemplateMatch",
        "template": "Collect/06.png",
        "action": "Click",
        "next": [
            "fabricate_all"
        ]
    },
    "social_back": {
        "recognition": "TemplateMatch",
        "template": "Company\\social_back_home.png",
        "action": "Click"
    },
    "fabricate_all": {
        "recognition": "TemplateMatch",
        "template": "Company/10.png",
        "action": "Click",
        "roi": [
            17,
            272,
            151,
            137
        ],
        "next": [
            "fabricate_one",
            "fabricate_tow",
            "fabricate_three",
            "fabricate_four",
            "fabricate_five_Swipe",
            "fabricate_six_Swipe",
            "fabricate_seven_Swipe",
            "fabricate_eight_Swipe",
            "fabricate_nine_Swipe",
            "fabricate_ten_Swipe"
        ]
    },
    "fabricate_one": {
        "recognition": "TemplateMatch",
        "template": "Company/11.png",
        "action": "Click",
        "next": [
            "fabricate_max_2"
        ]
    },
    "fabricate_tow": {
        "recognition": "OCR",
        "expected": "饰铜",
        "action": "Click",
        "next": [
            "fabricate_max_2"
        ]
    },
    "fabricate_three": {
        "recognition": "OCR",
        "expected": "银",
        "action": "Click",
        "next": [
            "fabricate_max_2"
        ]
    },
    "fabricate_four": {
        "recognition": "TemplateMatch",
        "template": "Company/14.png",
        "action": "Click",
        "next": [
            "fabricate_max_2"
        ]
    },
    "fabricate_five_Swipe": {
        "action": "Swipe",
        "begin": [
            265,
            305,
            0,
            0
        ],
        "end": [
            265,
            160,
            0,
            0
        ],
        "next": [
            "fabricate_five"
        ]
    },
    "fabricate_five": {
        "recognition": "TemplateMatch",
        "template": "Company/15.png",
        "action": "Click",
        "next": [
            "fabricate_max_2"
        ]
    },
    "fabricate_six_Swipe": {
        "action": "Swipe",
        "begin": [
            265,
            305,
            0,
            0
        ],
        "end": [
            265,
            160,
            0,
            0
        ],
        "next": [
            "fabricate_six"
        ]
    },
    "fabricate_six": {
        "recognition": "TemplateMatch",
        "template": "Company/16.png",
        "action": "Click",
        "next": [
            "fabricate_max_2"
        ]
    },
    "fabricate_seven_Swipe": {
        "action": "Swipe",
        "begin": [
            265,
            305,
            0,
            0
        ],
        "end": [
            265,
            160,
            0,
            0
        ],
        "next": [
            "fabricate_seven"
        ]
    },
    "fabricate_seven": {
        "recognition": "TemplateMatch",
        "template": "Company/17.png",
        "action": "Click",
        "next": [
            "fabricate_max_2"
        ]
    },
    "fabricate_eight_Swipe": {
        "action": "Swipe",
        "begin": [
            265,
            305,
            0,
            0
        ],
        "end": [
            265,
            160,
            0,
            0
        ],
        "next": [
            "fabricate_eight_Swipe_2"
        ]
    },
    "fabricate_eight_Swipe_2": {
        "action": "Swipe",
        "begin": [
            265,
            305,
            0,
            0
        ],
        "end": [
            265,
            160,
            0,
            0
        ],
        "next": [
            "fabricate_eight"
        ]
    },
    "fabricate_eight": {
        "recognition": "TemplateMatch",
        "template": "Company/18.png",
        "action": "Click",
        "next": [
            "fabricate_max_2"
        ]
    },
    "fabricate_nine_Swipe": {
        "action": "Swipe",
        "begin": [
            265,
            305,
            0,
            0
        ],
        "end": [
            265,
            160,
            0,
            0
        ],
        "next": [
            "fabricate_nine_Swipe_2"
        ]
    },
    "fabricate_nine_Swipe_2": {
        "action": "Swipe",
        "begin": [
            265,
            305,
            0,
            0
        ],
        "end": [
            265,
            160,
            0,
            0
        ],
        "next": [
            "fabricate_nine"
        ]
    },
    "fabricate_nine": {
        "recognition": "TemplateMatch",
        "template": "Company/19.png",
        "action": "Click",
        "next": [
            "fabricate_max_2"
        ]
    },
    "fabricate_ten_Swipe": {
        "action": "Swipe",
        "begin": [
            265,
            305,
            0,
            0
        ],
        "end": [
            265,
            160,
            0,
            0
        ],
        "next": [
            "fabricate_ten_Swipe_2"
        ]
    },
    "fabricate_ten_Swipe_2": {
        "action": "Swipe",
        "begin": [
            265,
            305,
            0,
            0
        ],
        "end": [
            265,
            160,
            0,
            0
        ],
        "next": [
            "fabricate_ten"
        ]
    },
    "fabricate_ten": {
        "recognition": "TemplateMatch",
        "template": "Company/20.png",
        "action": "Click",
        "next": [
            "fabricate_max_2"
        ]
    },
    "fabricate_max_2": {
        "recognition": "TemplateMatch",
        "template": "Company/fabricate_max.png",
        "action": "Click",
        "roi": [
            1040,
            512,
            80,
            71
        ],
        "next": [
            "fabricate_social_book_2"
        ]
    },
    "fabricate_social_book_2": {
        "recognition": "TemplateMatch",
        "template": "Company/fabricate_social_book.png",
        "action": "Click",
        "roi": [
            870,
            618,
            301,
            73
        ],
        "next": [
            "verify_fabricate_2"
        ]
    },
    "verify_fabricate_2": {
        "recognition": "TemplateMatch",
        "template": "Company/verify_fabricate.png",
        "action": "Click",
        "roi": [
            678,
            387,
            188,
            76
        ],
        "next": [
            "social_back"
        ]
    }
}