{
    "business_kiosk": {
        "next": [
            "shangting",
            "libao",
            "richang",
            "donggu",
            "Quit"
        ],
        "interrupt": [
            "Exception-handling-remind",
            "Exception-handling-nurturance-one"
        ]
    },
    "shangting": {
        "recognition": "OCR",
        "expected": "商亭",
        "roi": [
            854,
            623,
            142,
            89
        ],
        "post_delay": 2000,
        "action": "Click",
        "next": [
            "libao",
            "shangting"
        ]
    },
    "libao": {
        "recognition": "OCR",
        "expected": "礼包",
        "action": "Click",
        "post_delay": 2000,
        "next": [
            "richang",
            "libao"
        ]
    },
    "richang": {
        "recognition": "OCR",
        "expected": "循时",
        "action": "Click",
        "post_delay": 2000,
        "next": [
            "donggu",
            "Quit"
        ]
    },
    "donggu": {
        "recognition": "OCR",
        "expected": "免费",
        "action": "Click",
        "post_delay": 2000,
        "next": [
            "goumai",
            "Quit"
        ]
    },
    "goumai": {
        "recognition": "OCR",
        "expected": "购买",
        "action": "Click",
        "roi": [
            724,
            497,
            183,
            71
        ],
        "post_delay": 2000,
        "next": [
            "obtain1",
            "Quit"
        ]
    },
    "obtain1": {
        "recognition": "OCR",
        "expected": "获得物资",
        "action": "Click",
        "pre_wait_freezes": 1000,
        "next": [
            "Quit",
            "obtain1"
        ]
    }
}