{
    "Barter_random": {
        "next": [
            "Barter",
            "random_one",
            "random_two",
            "random_three",
            "random_four",
            "Quit"
        ],
        "interrupt": [
            "Exception-handling-remind",
            "Exception-handling-nurturance-one"
        ]
    },
    "Barter": {
        "recognition": "OCR",
        "expected": "易物所",
        "action": "Click",
        "post_delay": 2000,
        "next": [
            "random_one",
            "random_two",
            "random_three",
            "random_four",
            "Quit"
        ]
    },
    "random_one": {
        "recognition": "TemplateMatch",
        "template": "Shop/01.png",
        "roi": [
            295,
            328,
            53,
            40
        ],
        "action": "Click",
        "post_delay": 1000,
        "next": [
            "max",
            "Quit"
        ]
    },
    "random_two": {
        "recognition": "TemplateMatch",
        "template": "Shop/01.png",
        "roi": [
            523,
            328,
            51,
            42
        ],
        "action": "Click",
        "post_delay": 1000,
        "next": [
            "max",
            "Quit"
        ]
    },
    "random_three": {
        "recognition": "TemplateMatch",
        "template": "Shop/01.png",
        "roi": [
            756,
            328,
            46,
            42
        ],
        "action": "Click",
        "post_delay": 1000,
        "next": [
            "max",
            "Quit"
        ]
    },
    "random_four": {
        "recognition": "TemplateMatch",
        "template": "Shop/01.png",
        "roi": [
            981,
            328,
            62,
            41
        ],
        "action": "Click",
        "post_delay": 1000,
        "next": [
            "max",
            "Quit"
        ]
    },
    "max": {
        "recognition": "OCR",
        "expected": "最大",
        "action": "Click",
        "next": [
            "purchase",
            "Quit"
        ]
    },
    "purchase": {
        "recognition": "TemplateMatch",
        "template": "Shop/02.png",
        "roi": [
            570,
            447,
            54,
            51
        ],
        "action": "Click",
        "post_delay": 2000,
        "next": [
            "no_money",
            "obtain",
            "Quit"
        ]
    },
    "no_money": {
        "recognition": "OCR",
        "expected": "没有足够",
        "action": "Click",
        "post_delay": 1000,
        "target": [
            720,
            120,
            0,
            0
        ],
        "next": [
            "Quit"
        ]
    },
    "obtain": {
        "recognition": "OCR",
        "expected": "获得物资",
        "action": "Click",
        "pre_wait_freezes": 2000,
        "next": [
            "random_one",
            "random_two",
            "random_three",
            "random_four",
            "Quit"
        ]
    }
}