{
  "神秘快递": "当场打开",
  "科研助力": "联系最近的基金会驻点询问相关事宜",
  "氧气瓶": "抽！",
  "画性大发": "“正好，我带了画箱！”",
  "样本搜集": "拿出采样工具进行采集",
  "群山之巅": "拿出氧气瓶，继续前进",
  "手杖妙用": "放下船桨，抓起背包侧面的登山杖去够衣物包",
  "珍贵笔记": "还好有研学笔记本",
  "寒雾": "主动跟上那位器者。",
  "风雪之途": "与雪景寒林图喝茶。",
  "山雪之约": "前往常去的茶馆。",
  "巡山雪": "到路途中去。",
  "再遇寒雪": "顺势聊起山水画的事情。",
  "山之形": "潮流文化集市和商场。",
  "青绿争端": "安静地等待他。",
  "小小风波": "去符合心境的地方",
  "幻梦成景": "“非常有趣”的兴奋之情。",
  "传达之声": "尽自己所能推荐。",
  "神秘传闻": "寻找有人的落脚处。",
  "山中之兽": "由你调查消息来源。",
  "出行必备": "询问溪山行旅图的意见。",
  "探索之夜": "在野外扎营。",
  "山间来信": "你找错了地方？",
  "浪漫收集": "有人的地方就有故事",
  "奇怪的画作": "试着寻找草稿的主人吧",
  "线路规划": "请她帮忙指一个方向",
  "奇诡志异": "和他们一起聊故事",
  "游客照": "向茶叶生产画请教技巧",
  "时间与画": "关于一日山景",
  "小心脚下": "拿起来仔细观察",
  "护林小屋": "询问护林员",
  "杂学之用": "询问千里江山图",
  "日出东山": "来到民宿的屋顶",
  "解惑": "帮助回答",
  "润水": "上前询问",
  "游学所得": "讲旅行趣事",
  "建议": "提出你的想法"
}