{
    "controller": [
        {
            "name": "安卓端",
            "type": "Adb"
        }
    ],
    "resource": [
        {
            "name": "B 服",
            "path": [
                "{PROJECT_DIR}/resource_picli/base"
            ]
        }
    ],
    "task": [
        {
            "name": "启动",
            "entry": "Start"
        },
        {
            "name": "器者征集",
            "entry": "Collect_operators",
            "option": [
                "征集几个"
            ]
        },
        {
            "name": "派遣公司",
            "entry": "dispatch_company_all",
            "option": [
                "领取资源、好感、售卖机",
                "社教模拟仪",
                "制造物品",
                "是否喝茶",
                "是否领取活力值"
            ]
        },
        {
            "name": "武器制造",
            "entry": "weapons-fabricate"
        },
        {
            "name": "和合",
            "entry": "combine-all",
            "option": [
                "和合版本"
            ]
        },
        {
            "name": "领取家具蓝图",
            "entry": "blueprint-all"
        },
        {
            "name": "每日免费礼包",
            "entry": "business_kiosk"
        },
        {
            "name": "易物所",
            "entry": "Barter_random"
        },
        {
            "name": "在主界面喝完（/上限）支持剩余1天，一天以内的水一并喝了）",
            "entry": "drink_a_2day_water"
        },
        {
            "name": "演训",
            "entry": "kaishi",
            "option": [
                "选择关卡",
                "打哪个",
                "打几次"
            ]
        },
        {
            "name": "资源",
            "entry": "resource_all",
            "option": [
                "选择关卡",
                "打哪个",
                "打几次"
            ]
        },
        {
            "name": "领取日常(包括游历)",
            "entry": "task1"
        },
        {
            "name": "邮箱",
            "entry": "Mail"
        },
        {
            "name": "博物研学",
            "entry": "museum_Research",
            "option": [
                "选择研学主题",
                "选择地图(仅老研学)"
            ]
        },
        {
            "name": "分解装备",
            "entry": "dissect_weapon",
            "option": [
                "分解的装备的最大品质"
            ]
        },
        {
            "name": "活动签到",
            "entry": "activity_attendance"
        }
    ],
    "option": {
        "选择关卡": {
            "cases": [
                {
                    "name": "冬谷币（演训用）",
                    "param": {
                        "StartTraining": {
                            "next": "Cash"
                        }
                    }
                },
                {
                    "name": "教材（演训用）",
                    "param": {
                        "StartTraining": {
                            "next": "Experience"
                        }
                    }
                },
                {
                    "name": "装备（演训用）",
                    "param": {
                        "StartTraining": {
                            "next": "Weapon"
                        }
                    }
                },
                {
                    "name": "宿卫（演训用）",
                    "param": {
                        "StartTraining": {
                            "next": "Defender"
                        }
                    }
                },
                {
                    "name": "构术（演训用）",
                    "param": {
                        "StartTraining": {
                            "next": "Caster"
                        }
                    }
                },
                {
                    "name": "远击（演训用）",
                    "param": {
                        "StartTraining": {
                            "next": "Ranger"
                        }
                    }
                },
                {
                    "name": "轻锐（演训用）",
                    "param": {
                        "StartTraining": {
                            "next": "LightMelee"
                        }
                    }
                },
                {
                    "name": "战略（演训用）",
                    "param": {
                        "StartTraining": {
                            "next": "Tactical"
                        }
                    }
                },
                {
                    "name": "第一章（资源用）",
                    "param": {
                        "resource_all": {
                            "next": "resource_one"
                        }
                    }
                },
                {
                    "name": "第二章（资源用）",
                    "param": {
                        "resource_all": {
                            "next": "resource_two"
                        }
                    }
                },
                {
                    "name": "第三章（资源用）",
                    "param": {
                        "resource_all": {
                            "next": "resource_three"
                        }
                    }
                },
                {
                    "name": "第四章（资源用）",
                    "param": {
                        "resource_all": {
                            "next": "resource_four"
                        }
                    }
                },
                {
                    "name": "第五章（资源用）",
                    "param": {
                        "resource_all": {
                            "next": "resource_five"
                        }
                    }
                }
            ]
        },
        "打哪个": {
            "cases": [
                {
                    "name": "第一关（子）（演训用）",
                    "param": {
                        "xuanze": {
                            "next": "SelectStage01"
                        }
                    }
                },
                {
                    "name": "第二关（丑）（演训用）",
                    "param": {
                        "xuanze": {
                            "next": "SelectStage02"
                        }
                    }
                },
                {
                    "name": "第三关（寅）（演训用）",
                    "param": {
                        "xuanze": {
                            "next": "SelectStage03"
                        }
                    }
                },
                {
                    "name": "第四关（卯）（演训用）",
                    "param": {
                        "xuanze": {
                            "next": "SelectStage04"
                        }
                    }
                },
                {
                    "name": "第五关（辰）（演训用）",
                    "param": {
                        "xuanze": {
                            "next": "SelectStage05"
                        }
                    }
                },
                {
                    "name": "第一关（壹）（资源用）",
                    "param": {
                        "resource": {
                            "next": "ancient_both_sea_cantonese_often1"
                        }
                    }
                },
                {
                    "name": "第二关（贰）（资源用）",
                    "param": {
                        "resource": {
                            "next": "ancient_both_sea_cantonese_often2"
                        }
                    }
                },
                {
                    "name": "第三关（叁）（资源用）",
                    "param": {
                        "resource": {
                            "next": "ancient_both_sea_cantonese_often3"
                        }
                    }
                },
                {
                    "name": "第四关（肆）（资源用）",
                    "param": {
                        "resource": {
                            "next": "ancient_both_sea_cantonese_often4"
                        }
                    }
                },
                {
                    "name": "第五关（伍）（资源用）",
                    "param": {
                        "resource": {
                            "next": "ancient_both_sea_cantonese_often5"
                        }
                    }
                }
            ]
        },
        "打几次": {
            "cases": [
                {
                    "name": "打一次（速通没解锁专用）",
                    "param": {
                        "fast": {
                            "next": "Start1"
                        }
                    }
                },
                {
                    "name": "打一次（速通解锁专用）",
                    "param": {
                        "fast": {
                            "next": "Speedrun1x"
                        }
                    }
                },
                {
                    "name": "打两次（速通解锁专用）",
                    "param": {
                        "fast": {
                            "next": "Speedrun2x"
                        }
                    }
                },
                {
                    "name": "打四次（速通解锁专用）",
                    "param": {
                        "fast": {
                            "next": "Speedrun4x"
                        }
                    }
                },
                {
                    "name": "打十次（速通解锁专用）",
                    "param": {
                        "fast": {
                            "next": "Speedrun10x"
                        }
                    }
                },
                {
                    "name": "全部体力（速通解锁专用）",
                    "param": {
                        "fast": {
                            "next": "allin"
                        }
                    }
                }
            ]
        },
        "领取资源、好感、售卖机": {
            "cases": [
                {
                    "name": "领取奖励",
                    "param": {
                        "entry_one": {
                            "next": "entry_dispath_one"
                        }
                    }
                },
                {
                    "name": "不领取",
                    "param": {
                        "entry_one": {
                            "next": [
                                "entry_back",
                                "entry_convened"
                            ]
                        }
                    }
                }
            ]
        },
        "社教模拟仪": {
            "cases": [
                {
                    "name": "初级社会指南",
                    "param": {
                        "entry_dispath_three": {
                            "next": "dispatch_social_one"
                        }
                    }
                },
                {
                    "name": "中级社会指南",
                    "param": {
                        "entry_dispath_three": {
                            "next": "dispatch_social_two"
                        }
                    }
                },
                {
                    "name": "高级社会指南",
                    "param": {
                        "entry_dispath_three": {
                            "next": "dispatch_social_three"
                        }
                    }
                },
                {
                    "name": "进阶社会指南",
                    "param": {
                        "entry_dispath_three": {
                            "next": "dispatch_social_four"
                        }
                    }
                },
                {
                    "name": "不领取",
                    "param": {
                        "entry_dispath_three": {
                            "next": [
                                "dispath_back",
                                "dispath_convened"
                            ]
                        }
                    }
                }
            ]
        },
        "制造物品": {
            "cases": [
                {
                    "name": "蓝色装备",
                    "param": {
                        "entry_dispath_four": {
                            "next": "fabricate_all_one"
                        }
                    }
                },
                {
                    "name": "铜石墨条（蓝装升级）",
                    "param": {
                        "entry_dispath_four": {
                            "next": "fabricate_all_two"
                        }
                    }
                },
                {
                    "name": "银石墨条（黄装升级）",
                    "param": {
                        "entry_dispath_four": {
                            "next": "fabricate_all_three"
                        }
                    }
                },
                {
                    "name": "100装备经验",
                    "param": {
                        "entry_dispath_four": {
                            "next": "fabricate_all_four"
                        }
                    }
                },
                {
                    "name": "1型钢材",
                    "param": {
                        "entry_dispath_four": {
                            "next": "fabricate_all_five"
                        }
                    }
                },
                {
                    "name": "资质证明1",
                    "param": {
                        "entry_dispath_four": {
                            "next": "fabricate_all_six"
                        }
                    }
                },
                {
                    "name": "资质证明2",
                    "param": {
                        "entry_dispath_four": {
                            "next": "fabricate_all_seven"
                        }
                    }
                },
                {
                    "name": "高级制造申请",
                    "param": {
                        "entry_dispath_four": {
                            "next": "fabricate_all_eight"
                        }
                    }
                },
                {
                    "name": "2型钢材",
                    "param": {
                        "entry_dispath_four": {
                            "next": "fabricate_all_nine"
                        }
                    }
                },
                {
                    "name": "资质证明3",
                    "param": {
                        "entry_dispath_four": {
                            "next": "fabricate_all_ten"
                        }
                    }
                },
                {
                    "name": "不制造",
                    "param": {
                        "entry_dispath_four": {
                            "next": [
                                "fabricate_back",
                                "fabricate_convened"
                            ]
                        }
                    }
                }
            ]
        },
        "是否喝茶": {
            "cases": [
                {
                    "name": "喝茶",
                    "param": {
                        "tea": {
                            "next": "entry_dispath_five"
                        }
                    }
                },
                {
                    "name": "不喝茶",
                    "param": {
                        "tea": {
                            "next": [
                                "tea_back",
                                "tea_convened"
                            ]
                        }
                    }
                }
            ]
        },
        "是否领取活力值": {
            "cases": [
                {
                    "name": "领取",
                    "param": {
                        "vitality": {
                            "next": "entry_dispath_six"
                        }
                    }
                },
                {
                    "name": "不领取",
                    "param": {
                        "vitality": {
                            "next": [
                                "vitality_back",
                                "vitality-convened"
                            ]
                        }
                    }
                }
            ]
        },
        "和合版本": {
            "cases": [
                {
                    "name": "和合·椅",
                    "param": {
                        "combine-choose": {
                            "next": "combine-chair"
                        }
                    }
                },
                {
                    "name": "和合·朝代",
                    "param": {
                        "combine-choose": {
                            "next": "combine-dynasty"
                        }
                    }
                },
                {
                    "name": "和合·船",
                    "param": {
                        "combine-choose": {
                            "next": "combine-ship"
                        }
                    }
                }
            ]
        },
        "选择研学主题": {
            "cases": [
                {
                    "name": "山水纪行",
                    "param": {
                        "choose_theme": {
                            "next": "mountain-river"
                        }
                    }
                },
                {
                    "name": "金银纪行",
                    "param": {
                        "choose_theme": {
                            "next": "gold-silver"
                        }
                    }
                }
            ]
        },
        "选择地图(仅老研学)": {
            "cases": [
                {
                    "name": "雪景寒林图",
                    "param": {
                        "mountain_Research": {
                            "next": "snowscape"
                        }
                    }
                },
                {
                    "name": "千里江山图 （暂无）",
                    "param": {
                        "mountain_Research": {
                            "next": "landscape"
                        }
                    }
                },
                {
                    "name": "溪山旅行图 （暂无）",
                    "param": {
                        "mountain_Research": {
                            "next": "journey"
                        }
                    }
                }
            ]
        },
        "分解的装备的最大品质": {
            "cases": [
                {
                    "name": "炽级",
                    "param": {
                        "select_tier": {
                            "next": "red"
                        }
                    }
                },
                {
                    "name": "耀级",
                    "param": {
                        "select_tier": {
                            "next": "yellow"
                        }
                    }
                },
                {
                    "name": "凌级",
                    "param": {
                        "select_tier": {
                            "next": "blue"
                        }
                    }
                }
            ]
        },
        "征集几个": {
            "cases": [
                {
                    "name": "征集1个",
                    "param": {
                        "add-all": {
                            "next": "add-one"
                        }
                    }
                },
                {
                    "name": "征集2个",
                    "param": {
                        "add-all": {
                            "next": "add-two"
                        }
                    }
                },
                {
                    "name": "征集3个",
                    "param": {
                        "add-all": {
                            "next": "add-three"
                        }
                    }
                },
                {
                    "name": "征集4个",
                    "param": {
                        "add-all": {
                            "next": "add-four"
                        }
                    }
                }
            ]
        }
    },
    "version": "v0.0.1"
}