{
    "controller": [
        {
            "name": "安卓端",
            "type": "Adb"
        }
    ],
    "resource": [
        {
            "name": "B 服",
            "path": [
                "{PROJECT_DIR}/resource_picli/base"
            ]
        }
    ],
    "task": [
        {
            "name": "启动",
            "entry": "StartUp"
        },
        {
            "name": "器者征集",
            "entry": "Collect_operators",
            "option": [
                "征集几个"
            ]
        },
        {
            "name": "派遣公司",
            "entry": "dispatch_company_all",
            "option": [
                "领取资源、好感、售卖机",
                "社教模拟仪",
                "制造物品",
                "是否喝茶",
                "是否领取活力值"
            ]
        },
        {
            "name": "武器制造",
            "entry": "weapons-fabricate"
        },
        {
            "name": "和合",
            "entry": "combine-all",
            "option": [
                "和合版本"
            ]
        },
        {
            "name": "领取家具蓝图",
            "entry": "blueprint-all"
        },
        {
            "name": "每日免费礼包",
            "entry": "business_kiosk"
        },
        {
            "name": "易物所",
            "entry": "Barter_random"
        },
        {
            "name": "在主界面喝完（/上限）支持剩余1天，一天以内的水一并喝了）",
            "entry": "drink_a_2day_water"
        },
        {
            "name": "演训",
            "entry": "kaishi",
            "option": [
                "选择关卡",
                "打哪个",
                "打几次"
            ]
        },
        {
            "name": "资源",
            "entry": "resource_all",
            "option": [
                "选择关卡",
                "打哪个",
                "打几次"
            ]
        },
        {
            "name": "领取日常(包括游历)",
            "entry": "task1"
        },
        {
            "name": "邮箱",
            "entry": "Mail"
        },
        {
            "name": "博物研学",
            "entry": "museum_Research",
            "option": [
                "选择哪个"
            ]
        },
        {
            "name": "分解装备",
            "entry": "dissect_weapon",
            "option": [
                "分解的装备的最大品质"
            ]
        },
        {
            "name": "活动签到",
            "entry": "activity_attendance"
        },
        {
            "name": "海上远旅人（无论是否有通关，均可使用，默认买货而不卖，该港口没货了会跳过买货，直接退出）",
            "entry": "maritime-all",
            "option": [
                "选择港口",
                "通关几次",
                "是否买货",
                "是否卖货"
            ]
        },
        {
            "name": "领取蔚蓝日志",
            "entry": "maritime",
            "option": [
                "是否领取日志"
            ]
        },
        {
            "name": "分解垃圾",
            "entry": "maritime",
            "option": [
                "是否分解垃圾"
            ]
        }
    ],
    "option": {
        "选择关卡": {
            "cases": [
                {
                    "name": "冬谷币（演训用）",
                    "param": {
                        "StartTraining": {
                            "next": "Cash"
                        }
                    }
                },
                {
                    "name": "教材（演训用）",
                    "param": {
                        "StartTraining": {
                            "next": "Experience"
                        }
                    }
                },
                {
                    "name": "装备（演训用）",
                    "param": {
                        "StartTraining": {
                            "next": "Weapon"
                        }
                    }
                },
                {
                    "name": "宿卫（演训用）",
                    "param": {
                        "StartTraining": {
                            "next": "Defender"
                        }
                    }
                },
                {
                    "name": "构术（演训用）",
                    "param": {
                        "StartTraining": {
                            "next": "Caster"
                        }
                    }
                },
                {
                    "name": "远击（演训用）",
                    "param": {
                        "StartTraining": {
                            "next": "Ranger"
                        }
                    }
                },
                {
                    "name": "轻锐（演训用）",
                    "param": {
                        "StartTraining": {
                            "next": "LightMelee"
                        }
                    }
                },
                {
                    "name": "战略（演训用）",
                    "param": {
                        "StartTraining": {
                            "next": "Tactical"
                        }
                    }
                },
                {
                    "name": "第一章（资源用）",
                    "param": {
                        "resource_all": {
                            "next": "resource_one"
                        }
                    }
                },
                {
                    "name": "第二章（资源用）",
                    "param": {
                        "resource_all": {
                            "next": "resource_two"
                        }
                    }
                },
                {
                    "name": "第三章（资源用）",
                    "param": {
                        "resource_all": {
                            "next": "resource_three"
                        }
                    }
                },
                {
                    "name": "第四章（资源用）",
                    "param": {
                        "resource_all": {
                            "next": "resource_four"
                        }
                    }
                },
                {
                    "name": "第五章（资源用）",
                    "param": {
                        "resource_all": {
                            "next": "resource_five"
                        }
                    }
                }
            ]
        },
        "打哪个": {
            "cases": [
                {
                    "name": "第一关（子）（演训用）",
                    "param": {
                        "xuanze": {
                            "next": "SelectStage01"
                        }
                    }
                },
                {
                    "name": "第二关（丑）（演训用）",
                    "param": {
                        "xuanze": {
                            "next": "SelectStage02"
                        }
                    }
                },
                {
                    "name": "第三关（寅）（演训用）",
                    "param": {
                        "xuanze": {
                            "next": "SelectStage03"
                        }
                    }
                },
                {
                    "name": "第四关（卯）（演训用）",
                    "param": {
                        "xuanze": {
                            "next": "SelectStage04"
                        }
                    }
                },
                {
                    "name": "第五关（辰）（演训用）",
                    "param": {
                        "xuanze": {
                            "next": "SelectStage05"
                        }
                    }
                },
                {
                    "name": "第一关（壹）（资源用）",
                    "param": {
                        "resource": {
                            "next": "ancient_both_sea_cantonese_often1"
                        }
                    }
                },
                {
                    "name": "第二关（贰）（资源用）",
                    "param": {
                        "resource": {
                            "next": "ancient_both_sea_cantonese_often2"
                        }
                    }
                },
                {
                    "name": "第三关（叁）（资源用）",
                    "param": {
                        "resource": {
                            "next": "ancient_both_sea_cantonese_often3"
                        }
                    }
                },
                {
                    "name": "第四关（肆）（资源用）",
                    "param": {
                        "resource": {
                            "next": "ancient_both_sea_cantonese_often4"
                        }
                    }
                },
                {
                    "name": "第五关（伍）（资源用）",
                    "param": {
                        "resource": {
                            "next": "ancient_both_sea_cantonese_often5"
                        }
                    }
                }
            ]
        },
        "打几次": {
            "cases": [
                {
                    "name": "打一次（速通没解锁专用）",
                    "param": {
                        "fast": {
                            "next": "Start1"
                        }
                    }
                },
                {
                    "name": "打一次（速通解锁专用）",
                    "param": {
                        "fast": {
                            "next": "Speedrun1x"
                        }
                    }
                },
                {
                    "name": "打两次（速通解锁专用）",
                    "param": {
                        "fast": {
                            "next": "Speedrun2x"
                        }
                    }
                },
                {
                    "name": "打四次（速通解锁专用）",
                    "param": {
                        "fast": {
                            "next": "Speedrun4x"
                        }
                    }
                },
                {
                    "name": "打十次（速通解锁专用）",
                    "param": {
                        "fast": {
                            "next": "Speedrun10x"
                        }
                    }
                },
                {
                    "name": "全部体力（速通解锁专用）",
                    "param": {
                        "fast": {
                            "next": "allin"
                        }
                    }
                }
            ]
        },
        "领取资源、好感、售卖机": {
            "cases": [
                {
                    "name": "领取奖励",
                    "param": {
                        "entry_one": {
                            "next": "entry_dispath_one"
                        }
                    }
                }
            ]
        },
        "社教模拟仪": {
            "cases": [
                {
                    "name": "初级社会指南",
                    "param": {
                        "entry_dispath_three": {
                            "next": "dispatch_social_one"
                        }
                    }
                },
                {
                    "name": "中级社会指南",
                    "param": {
                        "entry_dispath_three": {
                            "next": "dispatch_social_two"
                        }
                    }
                },
                {
                    "name": "高级社会指南",
                    "param": {
                        "entry_dispath_three": {
                            "next": "dispatch_social_three"
                        }
                    }
                },
                {
                    "name": "进阶社会指南",
                    "param": {
                        "entry_dispath_three": {
                            "next": "dispatch_social_four"
                        }
                    }
                },
                {
                    "name": "不领取(暂不推荐使用，会导致下面选项任务失效，甚至可能最终导致下面所有任务失败)",
                    "param": {
                        "entry_dispath_three": {
                            "next": []
                        }
                    }
                }
            ]
        },
        "制造物品": {
            "cases": [
                {
                    "name": "蓝色装备",
                    "param": {
                        "entry_dispath_four": {
                            "next": "fabricate_all_one"
                        }
                    }
                },
                {
                    "name": "铜石墨条（蓝装升级）",
                    "param": {
                        "entry_dispath_four": {
                            "next": "fabricate_all_two"
                        }
                    }
                },
                {
                    "name": "银石墨条（黄装升级）",
                    "param": {
                        "entry_dispath_four": {
                            "next": "fabricate_all_three"
                        }
                    }
                },
                {
                    "name": "100装备经验",
                    "param": {
                        "entry_dispath_four": {
                            "next": "fabricate_all_four"
                        }
                    }
                },
                {
                    "name": "1型钢材",
                    "param": {
                        "entry_dispath_four": {
                            "next": "fabricate_all_five"
                        }
                    }
                },
                {
                    "name": "资质证明1",
                    "param": {
                        "entry_dispath_four": {
                            "next": "fabricate_all_six"
                        }
                    }
                },
                {
                    "name": "资质证明2",
                    "param": {
                        "entry_dispath_four": {
                            "next": "fabricate_all_seven"
                        }
                    }
                },
                {
                    "name": "高级制造申请",
                    "param": {
                        "entry_dispath_four": {
                            "next": "fabricate_all_eight"
                        }
                    }
                },
                {
                    "name": "2型钢材",
                    "param": {
                        "entry_dispath_four": {
                            "next": "fabricate_all_nine"
                        }
                    }
                },
                {
                    "name": "资质证明3",
                    "param": {
                        "entry_dispath_four": {
                            "next": "fabricate_all_ten"
                        }
                    }
                },
                {
                    "name": "不制造(暂不推荐使用，会导致下面选项任务失效，甚至可能最终导致下面所有任务失败)",
                    "param": {
                        "entry_dispath_four": {
                            "next": []
                        }
                    }
                }
            ]
        },
        "是否喝茶": {
            "cases": [
                {
                    "name": "喝茶",
                    "param": {
                        "tea": {
                            "next": "entry_dispath_five"
                        }
                    }
                },
                {
                    "name": "不喝茶(暂不推荐使用，会导致下面选项任务失效，甚至可能最终导致下面所有任务失败)",
                    "param": {
                        "dispatch_company_all": {
                            "next": []
                        }
                    }
                }
            ]
        },
        "是否领取活力值": {
            "cases": [
                {
                    "name": "领取",
                    "param": {
                        "vitality": {
                            "next": "entry_dispath_six"
                        }
                    }
                },
                {
                    "name": "不领取【反正是派遣公司的最后一个任务（暂时），无所谓，这个可以用】",
                    "param": {
                        "dispatch_company_all": {
                            "next": []
                        }
                    }
                }
            ]
        },
        "和合版本": {
            "cases": [
                {
                    "name": "和合·椅",
                    "param": {
                        "combine-choose": {
                            "next": "combine-chair"
                        }
                    }
                },
                {
                    "name": "和合·朝代",
                    "param": {
                        "combine-choose": {
                            "next": "combine-dynasty"
                        }
                    }
                },
                {
                    "name": "和合·船",
                    "param": {
                        "combine-choose": {
                            "next": "combine-ship"
                        }
                    }
                }
            ]
        },
        "选择哪个": {
            "cases": [
                {
                    "name": "雪景寒林图",
                    "param": {
                        "Research": {
                            "next": "snowscape"
                        }
                    }
                },
                {
                    "name": "千里江山图 （暂无）",
                    "param": {
                        "Research": {
                            "next": "landscape"
                        }
                    }
                },
                {
                    "name": "溪山旅行图 （暂无）",
                    "param": {
                        "Research": {
                            "next": "journey"
                        }
                    }
                }
            ]
        },
        "初始buff": {
            "cases": [
                {
                    "name": "神射",
                    "param": {
                        "snowscape": {
                            "next": "Marksmanship"
                        }
                    }
                },
                {
                    "name": "炽刀",
                    "param": {
                        "snowscape": {
                            "next": "Blazing_Knife"
                        }
                    }
                },
                {
                    "name": "术法精通",
                    "param": {
                        "snowscape": {
                            "next": "Spells"
                        }
                    }
                }
            ]
        },
        "分解的装备的最大品质": {
            "cases": [
                {
                    "name": "炽级",
                    "param": {
                        "select_tier": {
                            "next": "red"
                        }
                    }
                },
                {
                    "name": "耀级",
                    "param": {
                        "select_tier": {
                            "next": "yellow"
                        }
                    }
                },
                {
                    "name": "凌级",
                    "param": {
                        "select_tier": {
                            "next": "blue"
                        }
                    }
                }
            ]
        },
        "征集几个": {
            "cases": [
                {
                    "name": "征集1个",
                    "param": {
                        "add-all": {
                            "next": "add-one"
                        }
                    }
                },
                {
                    "name": "征集2个",
                    "param": {
                        "add-all": {
                            "next": "add-two"
                        }
                    }
                },
                {
                    "name": "征集3个",
                    "param": {
                        "add-all": {
                            "next": "add-three"
                        }
                    }
                },
                {
                    "name": "征集4个",
                    "param": {
                        "add-all": {
                            "next": "add-four"
                        }
                    }
                }
            ]
        },
        "选择港口": {
            "cases": [
                {
                    "name": "香港",
                    "param": {
                        "cruises": {
                            "next": "HongKong-one"
                        }
                    }
                },
                {
                    "name": "东京",
                    "param": {
                        "cruises": {
                            "next": "tokyo-one"
                        }
                    }
                },
                {
                    "name": "比雷埃夫斯港",
                    "param": {
                        "cruises": {
                            "next": "pirae-effus-one"
                        }
                    }
                },
                {
                    "name": "伦敦",
                    "param": {
                        "cruises": {
                            "next": "london-one"
                        }
                    }
                },
                {
                    "name": "亚历山大",
                    "param": {
                        "cruises": {
                            "next": "alexander-one"
                        }
                    }
                },
                {
                    "name": "卡亚俄",
                    "param": {
                        "cruises": {
                            "next": "Callao-one"
                        }
                    }
                }
            ]
        },
        "通关几次": {
            "cases": [
                {
                    "name": "1次",
                    "param": {
                        "activity-pass-all": {
                            "next": "activity-pass-one"
                        }
                    }
                },
                {
                    "name": "一直循环（单港口循环，不想循环了直接关掉cli【直接点“x”】即可）",
                    "param": {
                        "activity-pass-all": {
                            "next": "activity-pass-two"
                        }
                    }
                },
                {
                    "name": "香港-东京-(双港口循环，注意，上一港口的选择 香港 或 东京 才能用这个,不想循环了直接关掉cli【直接点“x”】即可)",
                    "param": {
                        "activity-pass-all": {
                            "next": "activity-pass-three"
                        }
                    }
                },
                {
                    "name": "香港-比雷埃夫斯港-(双港口循环，注意，上一港口的选择 香港 或 比雷埃夫斯港 才能用这个，不想循环了直接关掉cli【直接点“x”】即可)",
                    "param": {
                        "activity-pass-all": {
                            "next": "activity-pass-four"
                        }
                    }
                },
                {
                    "name": "东京-比雷埃夫斯港-(双港口循环，注意，上一港口的选择 东京 或 比雷埃夫斯港 才能用这个，不想循环了直接关掉cli【直接点“x”】即可)",
                    "param": {
                        "activity-pass-all": {
                            "next": "activity-pass-five"
                        }
                    }
                },
                {
                    "name": "伦敦-比雷埃夫斯港-(双港口循环，注意，上一港口的选择 伦敦 或 比雷埃夫斯港 才能用这个，不想循环了直接关掉cli【直接点“x”】即可)",
                    "param": {
                        "activity-pass-all": {
                            "next": "activity-pass-seven"
                        }
                    }
                },
                {
                    "name": "伦敦-东京-(双港口循环，注意，上一港口的选择 东京 或 伦敦 才能用这个，不想循环了直接关掉cli【直接点“x”】即可)",
                    "param": {
                        "activity-pass-all": {
                            "next": "activity-pass-night"
                        }
                    }
                },
                {
                    "name": "伦敦-香港-(双港口循环，注意，上一港口的选择 伦敦 或 香港 才能用这个，不想循环了直接关掉cli【直接点“x”】即可)",
                    "param": {
                        "activity-pass-all": {
                            "next": "activity-pass-nine"
                        }
                    }
                },
                {
                    "name": "伦敦-亚历山大-(双港口循环，注意，上一港口的选择 伦敦 或 亚历山大 才能用这个,不想循环了直接关掉cli【直接点“x”】即可)",
                    "param": {
                        "activity-pass-all": {
                            "next": "activity-pass-ten"
                        }
                    }
                },
                {
                    "name": "亚历山大-比雷埃夫斯港-(双港口循环，注意，上一港口的选择 东京 或 比雷埃夫斯港 才能用这个,不想循环了直接关掉cli【直接点“x”】即可)",
                    "param": {
                        "activity-pass-all": {
                            "next": "activity-pass-thirteen"
                        }
                    }
                },
                {
                    "name": "亚历山大-东京-(双港口循环，注意，上一港口的选择 东京 或 比雷埃夫斯港 才能用这个,不想循环了直接关掉cli【直接点“x”】即可)",
                    "param": {
                        "activity-pass-all": {
                            "next": "activity-pass-twelve"
                        }
                    }
                },
                {
                    "name": "亚历山大-香港-(双港口循环，注意，上一港口的选择 东京 或 比雷埃夫斯港 才能用这个，,不想循环了直接关掉cli【直接点“x”】即可)",
                    "param": {
                        "activity-pass-all": {
                            "next": "activity-pass-eleven"
                        }
                    }
                },
                {
                    "name": "卡亚俄-亚历山大",
                    "param": {
                        "activity-pass-all": {
                            "next": "activity-pass-Fourteen"
                        }
                    }
                },
                {
                    "name": "卡亚俄-比雷埃夫斯港",
                    "param": {
                        "activity-pass-all": {
                            "next": "activity-pass-Fifteen"
                        }
                    }
                },
                {
                    "name": "卡亚俄-香港",
                    "param": {
                        "activity-pass-all": {
                            "next": "activity-pass-Sixteen"
                        }
                    }
                },
                {
                    "name": "卡亚俄-东京",
                    "param": {
                        "activity-pass-all": {
                            "next": "activity-pass-Seventeen"
                        }
                    }
                },
                {
                    "name": "卡亚俄-伦敦",
                    "param": {
                        "activity-pass-all": {
                            "next": "activity-pass-Eighteen"
                        }
                    }
                },
                {
                    "name": "香港-东京-比雷埃夫斯港-伦敦-亚历山大-卡亚俄-(六港口循环，不想循环了直接关掉cli【直接点“x”】即可)",
                    "param": {
                        "activity-pass-all": {
                            "next": "activity-pass-six"
                        }
                    }
                }
            ]
        },
        "是否买货": {
            "cases": [
                {
                    "name": "是",
                    "param": {
                        "activity-bazaar-two": {
                            "next": "activity-all"
                        }
                    }
                },
                {
                    "name": "否",
                    "param": {
                        "activity-bazaar-two": {
                            "next": "activity-quit"
                        }
                    }
                }
            ]
        },
        "是否卖货": {
            "cases": [
                {
                    "name": "是",
                    "param": {
                        "activity-handoff": {
                            "next": "activity-sell"
                        }
                    }
                },
                {
                    "name": "否",
                    "param": {
                        "activity-handoff": {
                            "next": "activity-quit"
                        }
                    }
                }
            ]
        },
        "是否领取日志": {
            "cases": [
                {
                    "name": "是",
                    "param": {
                        "maritime": {
                            "next": "activity-azure"
                        }
                    }
                },
                {
                    "name": "否",
                    "param": {
                        "maritime": {
                            "next": "Quit"
                        }
                    }
                }
            ]
        },
        "是否分解垃圾": {
            "cases": [
                {
                    "name": "是",
                    "param": {
                        "maritime": {
                            "next": "activity-trajectory"
                        }
                    }
                },
                {
                    "name": "否",
                    "param": {
                        "maritime": {
                            "next": "Quit"
                        }
                    }
                }
            ]
        }
    },
    "version": "v0.0.1"
}