{
    "controller": [
        {
            "name": "安卓端",
            "type": "Adb"
        }
    ],
    "resource": [
        {
            "name": "B 服",
            "path": [
                "{PROJECT_DIR}/resource/base"
            ]
        }
    ],
    "task": [
        {
            "name": "启动",
            "entry": "StartUp"
        },
        {
            "name": "器者征集",
            "entry": "Collect_operators"
        },
        {
            "name": "派遣公司",
            "entry": "dispatch_company_all",
            "option": [
                "领取资源、好感、售卖机",
                "社教模拟仪",
                "制造物品"
            ]
        },
        {
            "name": "每日免费礼包",
            "entry": "business_kiosk"
        },
        {
            "name": "易物所",
            "entry": "Barter_random"
        },
        {
            "name": "在主界面喝一瓶2天内过期的水（需要喝水请选择，无需则无视，注意！目前仅支持还剩两天就过期的水）",
            "entry": "drink_a_2day_water"
        },
        {
            "name": "演训",
            "entry": "kaishi",
            "option": [
                "选择关卡",
                "打哪个",
                "打几次"
            ]
        },
        {
            "name": "资源",
            "entry": "resource_all",
            "option": [
                "选择关卡",
                "打哪个",
                "打几次"
            ]
        },
        {
            "name": "领取日常(包括游历)",
            "entry": "task1"
        },
        {
            "name": "邮箱",
            "entry": "Mail"
        },
        {
            "name": "博物研学",
            "entry": "museum_Research",
            "option": [
                "选择哪个",
                "初始buff"
            ]
        },
        {
            "name":"分解装备",
            "entry":"dissect_weapon",
            "option":[
                "分解的装备的最大品质"
            ]
        }
    ],
    "option": {
        "选择关卡": {
            "cases": [
                {
                    "name": "冬谷币（演训用）",
                    "param": {
                        "StartTraining": {
                            "next": "Cash"
                        }
                    }
                },
                {
                    "name": "教材（演训用）",
                    "param": {
                        "StartTraining": {
                            "next": "Experience"
                        }
                    }
                },
                {
                    "name": "装备（演训用）",
                    "param": {
                        "StartTraining": {
                            "next": "Weapon"
                        }
                    }
                },
                {
                    "name": "宿卫（演训用）",
                    "param": {
                        "StartTraining": {
                            "next": "Defender"
                        }
                    }
                },
                {
                    "name": "构术（演训用）",
                    "param": {
                        "StartTraining": {
                            "next": "Caster"
                        }
                    }
                },
                {
                    "name": "远击（演训用）",
                    "param": {
                        "StartTraining": {
                            "next": "Ranger"
                        }
                    }
                },
                {
                    "name": "轻锐（演训用）",
                    "param": {
                        "StartTraining": {
                            "next": "LightMelee"
                        }
                    }
                },
                {
                    "name": "战略（演训用）",
                    "param": {
                        "StartTraining": {
                            "next": "Tactical"
                        }
                    }
                },
                {
                    "name": "第一章（资源用）",
                    "param": {
                        "resource_all": {
                            "next": "resource_one"
                        }
                    }
                },
                {
                    "name": "第二章（资源用）",
                    "param": {
                        "resource_all": {
                            "next": "resource_two"
                        }
                    }
                },
                {
                    "name": "第三章（资源用）",
                    "param": {
                        "resource_all": {
                            "next": "resource_three"
                        }
                    }
                },
                {
                    "name": "第四章（资源用）",
                    "param": {
                        "resource_all": {
                            "next": "resource_four"
                        }
                    }
                },
                {
                    "name": "第五章（资源用）",
                    "param": {
                        "resource_all": {
                            "next": "resource_five"
                        }
                    }
                }
            ]
        },
        "打哪个": {
            "cases": [
                {
                    "name": "第一关（子）（演训用）",
                    "param": {
                        "xuanze": {
                            "next": "SelectStage01"
                        }
                    }
                },
                {
                    "name": "第二关（丑）（演训用）",
                    "param": {
                        "xuanze": {
                            "next": "SelectStage02"
                        }
                    }
                },
                {
                    "name": "第三关（寅）（演训用）",
                    "param": {
                        "xuanze": {
                            "next": "SelectStage03"
                        }
                    }
                },
                {
                    "name": "第四关（卯）（演训用）",
                    "param": {
                        "xuanze": {
                            "next": "SelectStage04"
                        }
                    }
                },
                {
                    "name": "第五关（辰）（演训用）",
                    "param": {
                        "xuanze": {
                            "next": "SelectStage05"
                        }
                    }
                },
                {
                    "name": "第一关（壹）（资源用）",
                    "param": {
                        "resource": {
                            "next": "ancient_both_sea_cantonese_often1"
                        }
                    }
                },
                {
                    "name": "第二关（贰）（资源用）",
                    "param": {
                        "resource": {
                            "next": "ancient_both_sea_cantonese_often2"
                        }
                    }
                },
                {
                    "name": "第三关（叁）（资源用）",
                    "param": {
                        "resource": {
                            "next": "ancient_both_sea_cantonese_often3"
                        }
                    }
                },
                {
                    "name": "第四关（肆）（资源用）",
                    "param": {
                        "resource": {
                            "next": "ancient_both_sea_cantonese_often4"
                        }
                    }
                },
                {
                    "name": "第五关（伍）（资源用）",
                    "param": {
                        "resource": {
                            "next": "ancient_both_sea_cantonese_often5"
                        }
                    }
                }
            ]
        },
        "打几次": {
            "cases": [
                {
                    "name": "打一次（速通没解锁专用）",
                    "param": {
                        "fast": {
                            "next": "Start1"
                        }
                    }
                },
                {
                    "name": "打一次（速通解锁专用）",
                    "param": {
                        "fast": {
                            "next": "Speedrun1x"
                        }
                    }
                },
                {
                    "name": "打两次（速通解锁专用）",
                    "param": {
                        "fast": {
                            "next": "Speedrun2x"
                        }
                    }
                },
                {
                    "name": "打四次（速通解锁专用）",
                    "param": {
                        "fast": {
                            "next": "Speedrun4x"
                        }
                    }
                },
                {
                    "name": "打十次（速通解锁专用）",
                    "param": {
                        "fast": {
                            "next": "Speedrun10x"
                        }
                    }
                }
            ]
        },
        "领取资源、好感、售卖机": {
            "cases": [
                {
                    "name": "领取奖励",
                    "param": {
                        "entry_dispath_one": {
                            "next": "dispath_resources"
                        }
                    }
                }
            ]
        },
        "社教模拟仪": {
            "cases": [
                {
                    "name": "初级社会指南",
                    "param": {
                        "dispath_company_collect": {
                            "next": "dispatch_social_one"
                        }
                    }
                },
                {
                    "name": "中级社会指南",
                    "param": {
                        "dispath_company_collect": {
                            "next": "dispatch_social_tow"
                        }
                    }
                },
                {
                    "name": "高级社会指南",
                    "param": {
                        "dispath_company_collect": {
                            "next": "dispatch_social_three"
                        }
                    }
                },
                {
                    "name": "进阶社会指南",
                    "param": {
                        "dispath_company_collect": {
                            "next": "dispatch_social_four"
                        }
                    }
                },
                {
                    "name": "不领取",
                    "param": {
                        "dispath_company_collect": {
                            "next": "dc_back"
                        }
                    }
                }
            ]
        },
        "制造物品": {
            "cases": [
                {
                    "name": "蓝色装备",
                    "param": {
                        "fabricate_all": {
                            "next": "fabricate_one"
                        }
                    }
                },
                {
                    "name": "铜石墨条（蓝装升级）",
                    "param": {
                        "fabricate_all": {
                            "next": "fabricate_tow"
                        }
                    }
                },
                {
                    "name": "银石墨条（黄装升级）",
                    "param": {
                        "fabricate_all": {
                            "next": "fabricate_three"
                        }
                    }
                },
                {
                    "name": "100装备经验",
                    "param": {
                        "fabricate_all": {
                            "next": "fabricate_four"
                        }
                    }
                },
                {
                    "name": "1型钢材",
                    "param": {
                        "fabricate_all": {
                            "next": "fabricate_five_Swipe"
                        }
                    }
                },
                {
                    "name": "资质证明1",
                    "param": {
                        "fabricate_all": {
                            "next": "fabricate_six_Swipe"
                        }
                    }
                },
                {
                    "name": "资质证明2",
                    "param": {
                        "fabricate_all": {
                            "next": "fabricate_seven_Swipe"
                        }
                    }
                },
                {
                    "name": "高级制造申请",
                    "param": {
                        "fabricate_all": {
                            "next": "fabricate_eight_Swipe"
                        }
                    }
                },
                {
                    "name": "2型钢材",
                    "param": {
                        "fabricate_all": {
                            "next": "fabricate_nine_Swipe"
                        }
                    }
                },
                {
                    "name": "资质证明3",
                    "param": {
                        "fabricate_all": {
                            "next": "fabricate_ten_Swipe"
                        }
                    }
                },
                {
                    "name": "不制造",
                    "param": {
                        "fabricate_all": {
                            "next": "dc_back"
                        }
                    }
                }
            ]
        },
        "选择哪个": {
            "cases": [
                {
                    "name": "雪景寒林图",
                    "param": {
                        "Research": {
                            "next": "snowscape"
                        }
                    }
                },
                {
                    "name": "千里江山图 （暂无）",
                    "param": {
                        "Research": {
                            "next": "landscape"
                        }
                    }
                },
                {
                    "name": "溪山旅行图 （暂无）",
                    "param": {
                        "Research": {
                            "next": "journey"
                        }
                    }
                }
            ]
        },
        "初始buff": {
            "cases": [
                {
                    "name": "神射",
                    "param": {
                        "snowscape": {
                            "next": "Marksmanship"
                        }
                    }
                },
                {
                    "name": "炽刀",
                    "param": {
                        "snowscape": {
                            "next": "Blazing_Knife"
                        }
                    }
                },
                {
                    "name": "术法精通",
                    "param": {
                        "snowscape": {
                            "next": "Spells"
                        }
                    }
                }
            ]
        },
        "分解的装备的最大品质":{
            "cases":[
                {
                    "name":"炽级",
                    "param":{
                        "select_tier":{
                            "next":"red"
                        }
                    }
                },
                {
                    "name":"耀级",
                    "param":{
                        "select_tier":{
                            "next":"yellow"
                        }
                    }
                },
                {
                    "name":"凌级",
                    "param":{
                        "select_tier":{
                            "next":"blue"
                        }
                    }
                }
            ]
        }
    },
    "version": "v0.0.1"
}
